,Date of 8-day Window,"Centroid of Selection (Lat,Lon)",Number of Pixels,Average AOD,5% Percentile AOD,50% Percentile (Median) AOD,95% Percentile AOD,Percent of Pixels with no Data
0,2010-01-01,"26.63, 86.73",100,0.19047357,0.05905511975288391,0.14566929638385773,0.36220473051071167,29.0
0,2010-01-09,"26.63, 86.73",100,0.47673994,0.1322834610939026,0.4291338622570038,1.0,13.0
0,2010-01-17,"26.63, 86.73",100,0.16908413,0.09291338622570038,0.14173229038715363,0.30787401795387265,43.0
0,2010-01-25,"26.63, 86.73",100,0.5585164,0.2114173263311386,0.5433070659637451,0.9889763832092284,5.0
0,2010-02-02,"26.63, 86.73",100,0.60343206,0.33228347152471543,0.624015748500824,0.8066928863525391,8.0
0,2010-02-10,"26.63, 86.73",100,0.22574805,0.05492125973105431,0.234251968562603,0.4057086482644081,0.0
0,2010-02-18,"26.63, 86.73",100,0.5412777,0.14330708980560306,0.6062992215156555,0.8874015688896179,3.0
0,2010-02-26,"26.63, 86.73",100,0.6094807,0.0937007874250412,0.7283464670181274,1.0,1.0
0,2010-02-26,"26.63, 86.73",100,0.6094807,0.0937007874250412,0.7283464670181274,1.0,1.0
0,2010-03-06,"26.63, 86.73",100,0.36858276,0.16909448206424713,0.3700787425041199,0.5716535687446593,0.0
0,2010-03-14,"26.63, 86.73",100,0.6067323,0.35688977092504504,0.6456692814826965,0.8035432815551757,0.0
0,2010-03-22,"26.63, 86.73",100,0.67208654,0.22244094237685205,0.751968502998352,0.9685039520263672,0.0
0,2010-03-30,"26.63, 86.73",100,0.6028347,0.3344488084316254,0.6161417365074158,0.8661417365074158,0.0
0,2010-04-07,"26.63, 86.73",100,0.702126,0.4566929042339325,0.6968504190444946,0.9962598443031311,0.0
0,2010-04-15,"26.63, 86.73",100,0.6894747,0.22007873952388762,0.8661417365074158,1.0,21.0
0,2010-04-23,"26.63, 86.73",100,0.60208094,0.24015748500823975,0.7047244310379028,0.8685039401054381,2.0
0,2010-04-23,"26.63, 86.73",100,0.60208094,0.24015748500823975,0.7047244310379028,0.8685039401054381,2.0
0,2010-05-01,"26.63, 86.73",100,0.8142106,0.6771653294563293,0.8031495809555054,1.0,79.0
0,2010-05-09,"26.63, 86.73",100,0.3664164,0.12598425149917603,0.4114173352718353,0.6072834730148315,14.0
0,2010-05-17,"26.63, 86.73",100,0.7603346,0.5311023473739624,0.7814960479736328,0.8870078682899475,60.0
0,2010-05-25,"26.63, 86.73",100,0.6203947,0.4409448802471161,0.6023622155189514,0.8897637724876404,19.0
0,2010-06-02,"26.63, 86.73",100,0.56555974,0.22834645211696625,0.5669291615486145,0.9748031556606291,77.0
0,2010-06-10,"26.63, 86.73",100,0.7355047,0.44291338324546814,0.7362204790115356,0.9901574850082397,89.0
0,2010-06-18,"26.63, 86.73",100,1.0,1.0,1.0,1.0,94.0
0,2010-06-18,"26.63, 86.73",100,1.0,1.0,1.0,1.0,94.0
0,2010-06-26,"26.63, 86.73",100,,,,,100.0
0,2010-07-04,"26.63, 86.73",100,,,,,100.0
0,2010-07-12,"26.63, 86.73",100,,,,,100.0
0,2010-07-20,"26.63, 86.73",100,0.3401575,0.23858267441391945,0.344488188624382,0.4234252035617828,90.0
0,2010-07-28,"26.63, 86.73",100,,,,,100.0
0,2010-08-05,"26.63, 86.73",100,0.5593832,0.2535433053970337,0.687007874250412,0.7915354400873184,88.0
0,2010-08-13,"26.63, 86.73",100,,,,,100.0
0,2010-08-13,"26.63, 86.73",100,,,,,100.0
0,2010-08-21,"26.63, 86.73",100,,,,,100.0
0,2010-08-29,"26.63, 86.73",100,0.4295713,0.3708661437034607,0.4212598502635956,0.5047244071960449,91.0
0,2010-09-06,"26.63, 86.73",100,,,,,100.0
0,2010-09-14,"26.63, 86.73",100,,,,,100.0
0,2010-09-22,"26.63, 86.73",100,0.58582675,0.5456692695617675,0.5590550899505615,0.6724409699440003,95.0
0,2010-09-30,"26.63, 86.73",100,0.4192913,0.13405511379241944,0.49015748500823975,0.6139763832092285,18.0
0,2010-10-08,"26.63, 86.73",100,0.33832866,0.09291338622570038,0.19291338324546814,0.7007874250411987,7.0
0,2010-10-08,"26.63, 86.73",100,0.33832866,0.09291338622570038,0.19291338324546814,0.7007874250411987,7.0
0,2010-10-16,"26.63, 86.73",100,0.104193375,0.07874015718698502,0.10629921406507492,0.1334645628929138,57.0
0,2010-10-24,"26.63, 86.73",100,0.231811,0.05492125973105431,0.218503937125206,0.4881889820098877,0.0
0,2010-11-01,"26.63, 86.73",100,0.17807089,0.0667322814464569,0.18110236525535583,0.3435039237141609,0.0
0,2010-11-09,"26.63, 86.73",100,0.44939908,0.08031495958566666,0.5433070659637451,0.8334645867347716,5.0
0,2010-11-17,"26.63, 86.73",100,0.7092877,0.10590551644563678,0.8011810779571533,1.0,12.0
0,2010-11-25,"26.63, 86.73",100,0.5442384,0.1251968502998352,0.5905511975288391,0.9346456408500671,7.0
0,2010-12-03,"26.63, 86.73",100,0.14491372,0.03110236208885908,0.14173229038715363,0.31929133534431453,1.0
0,2010-12-03,"26.63, 86.73",100,0.14491372,0.03110236208885908,0.14173229038715363,0.31929133534431453,1.0
0,2010-12-11,"26.63, 86.73",100,0.49670488,0.1360236167907715,0.49015748500823975,1.0,8.0
0,2010-12-19,"26.63, 86.73",100,0.5085234,0.11574803441762925,0.5551180839538574,1.0,3.0
0,2010-12-27,"26.63, 86.73",100,0.3781557,0.12755905389785768,0.3779527544975281,0.7543307065963741,3.0
0,2011-01-01,"26.63, 86.73",100,0.42447504,0.12145669423043728,0.2539370059967041,1.0,40.0
0,2011-01-09,"26.63, 86.73",100,0.49744987,0.12598425149917603,0.37204723060131073,1.0,12.0
0,2011-01-17,"26.63, 86.73",100,0.97125983,0.8188976317644119,1.0,1.0,30.0
0,2011-01-25,"26.63, 86.73",100,0.7118272,0.19763779044151308,0.8149606585502625,1.0,3.0
0,2011-02-02,"26.63, 86.73",100,0.5983465,0.18405511900782587,0.6732283234596252,1.0,0.0
0,2011-02-10,"26.63, 86.73",100,0.8007788,0.41181103587150575,0.8897637724876404,1.0,7.0
0,2011-02-18,"26.63, 86.73",100,0.35333648,0.10236220806837082,0.3779527544975281,0.6070866227149962,1.0
0,2011-02-18,"26.63, 86.73",100,0.35333648,0.10236220806837082,0.3779527544975281,0.6070866227149962,1.0
0,2011-02-26,"26.63, 86.73",100,0.31456295,0.10472441092133522,0.31102362275123596,0.5161417245864868,1.0
0,2011-03-06,"26.63, 86.73",100,0.36292055,0.10590551346540451,0.3976377844810486,0.6224409461021423,1.0
0,2011-03-14,"26.63, 86.73",100,0.48524615,0.2039370134472847,0.5078740119934082,0.780708646774292,1.0
0,2011-03-22,"26.63, 86.73",100,0.43905517,0.18405511900782587,0.47834646701812744,0.649999988079071,0.0
0,2011-03-30,"26.63, 86.73",100,0.42222315,0.12460629940032959,0.5098425149917603,0.6694881677627563,6.0
0,2011-04-07,"26.63, 86.73",100,0.46251968,0.28346458077430725,0.48622047901153564,0.6104330778121948,0.0
0,2011-04-15,"26.63, 86.73",100,0.46322834,0.0785433068871498,0.5728346705436707,0.8391732454299926,0.0
0,2011-04-15,"26.63, 86.73",100,0.46322834,0.0785433068871498,0.5728346705436707,0.8391732454299926,0.0
0,2011-04-23,"26.63, 86.73",100,0.5894377,0.33425195813179015,0.6102362275123596,0.8468504071235656,1.0
0,2011-05-01,"26.63, 86.73",100,0.6369415,0.08267716318368912,0.7204724550247192,0.8885826706886291,17.0
0,2011-05-09,"26.63, 86.73",100,0.7963284,0.5954724550247192,0.7913385629653931,0.9793307185173035,14.0
0,2011-05-17,"26.63, 86.73",100,0.7346211,0.6102362275123596,0.7342519760131836,0.923228323459625,36.0
0,2011-05-25,"26.63, 86.73",100,0.71541053,0.4881889820098877,0.712598443031311,0.9795275688171384,51.0
0,2011-06-02,"26.63, 86.73",100,0.6364996,0.2944881975650787,0.6929134130477905,0.8157480597496032,21.0
0,2011-06-10,"26.63, 86.73",100,0.71399826,0.477952766418457,0.7244094610214233,0.8685039401054382,55.0
0,2011-06-10,"26.63, 86.73",100,0.71399826,0.477952766418457,0.7244094610214233,0.8685039401054382,55.0
0,2011-06-18,"26.63, 86.73",100,0.77952754,0.7795275449752808,0.7795275449752808,0.7795275449752808,99.0
0,2011-06-26,"26.63, 86.73",100,,,,,100.0
0,2011-07-04,"26.63, 86.73",100,,,,,100.0
0,2011-07-12,"26.63, 86.73",100,,,,,100.0
0,2011-07-20,"26.63, 86.73",100,,,,,100.0
0,2011-07-28,"26.63, 86.73",100,,,,,100.0
0,2011-08-05,"26.63, 86.73",100,,,,,100.0
0,2011-08-05,"26.63, 86.73",100,,,,,100.0
0,2011-08-13,"26.63, 86.73",100,,,,,100.0
0,2011-08-21,"26.63, 86.73",100,0.31889763,0.31889763474464417,0.31889763474464417,0.31889763474464417,99.0
0,2011-08-29,"26.63, 86.73",100,0.42125985,0.4106299340724945,0.4212598502635956,0.4318897664546967,98.0
0,2011-09-06,"26.63, 86.73",100,0.22795276,0.18287401795387268,0.2263779565691948,0.272047233581543,90.0
0,2011-09-14,"26.63, 86.73",100,,,,,100.0
0,2011-09-22,"26.63, 86.73",100,0.44947505,0.2696850374341011,0.4724409431219101,0.6230314821004868,94.0
0,2011-09-30,"26.63, 86.73",100,0.29568148,0.07480314970016481,0.24015748500823975,0.674015724658966,3.0
0,2011-09-30,"26.63, 86.73",100,0.29568148,0.07480314970016481,0.24015748500823975,0.674015724658966,3.0
0,2011-10-08,"26.63, 86.73",100,0.3815354,0.13759841918945312,0.3248031437397003,0.6614173054695129,0.0
0,2011-10-16,"26.63, 86.73",100,0.4892913,0.1374015688896179,0.5177165269851685,0.9883858323097229,0.0
0,2011-10-24,"26.63, 86.73",100,0.6544045,0.2687007784843445,0.7322834730148315,0.9753937125205994,4.0
0,2011-11-01,"26.63, 86.73",100,0.6501181,0.05511811003088951,0.8641732335090637,1.0,0.0
0,2011-11-09,"26.63, 86.73",100,0.5596979,0.0781496062874794,0.5905511975288391,1.0,2.0
0,2011-11-17,"26.63, 86.73",100,0.32318896,0.09448818862438202,0.3602362275123596,0.5710630178451538,0.0
0,2011-11-25,"26.63, 86.73",100,0.26535434,0.09015748165547847,0.26377952098846436,0.5236220359802246,0.0
0,2011-11-25,"26.63, 86.73",100,0.26535434,0.09015748165547847,0.26377952098846436,0.5236220359802246,0.0
0,2011-12-03,"26.63, 86.73",100,0.4773194,0.19291338324546814,0.4212598502635956,0.9562992334365845,8.0
0,2011-12-11,"26.63, 86.73",100,0.5732853,0.24055118560791017,0.5787401795387268,1.0,17.0
0,2011-12-19,"26.63, 86.73",100,0.16957842,0.07874015718698502,0.14566929638385773,0.33070865273475647,4.0
0,2011-12-27,"26.63, 86.73",100,0.12959656,0.06299212574958801,0.12598425149917603,0.2141732305288314,3.0
0,2012-01-01,"26.63, 86.73",100,0.8582677,0.8440945029258728,0.8582677245140076,0.8724409461021423,98.0
0,2012-01-09,"26.63, 86.73",100,0.4503764,0.13385826349258423,0.4645669162273407,0.9251968562602997,9.0
0,2012-01-17,"26.63, 86.73",100,0.79715854,0.2527559041976929,1.0,1.0,8.0
0,2012-01-25,"26.63, 86.73",100,0.5537915,0.2383858323097229,0.5511810779571533,0.8718503952026367,8.0
0,2012-02-02,"26.63, 86.73",100,0.5549574,0.11968504078686239,0.6594488024711609,1.0,2.0
0,2012-02-10,"26.63, 86.73",100,0.5852756,0.21220472753047942,0.6417322754859924,0.9812992215156554,0.0
0,2012-02-10,"26.63, 86.73",100,0.5852756,0.21220472753047942,0.6417322754859924,0.9812992215156554,0.0
0,2012-02-18,"26.63, 86.73",100,0.54597276,0.09153543598949909,0.625984251499176,0.915354311466217,4.0
0,2012-02-26,"26.63, 86.73",100,0.5695002,0.27047243118286135,0.6141732335090637,0.815551209449768,2.0
0,2012-03-06,"26.63, 86.73",100,0.44086286,0.2529527544975281,0.4488188922405243,0.6496062874794006,4.0
0,2012-03-14,"26.63, 86.73",100,0.55866146,0.23169290721416474,0.6122047305107117,0.811220446228981,0.0
0,2012-03-22,"26.63, 86.73",100,0.74003935,0.38484251499176025,0.7755905389785767,1.0,0.0
0,2012-03-30,"26.63, 86.73",100,0.6287402,0.3531496152281761,0.6220472455024719,0.8503937125205994,0.0
0,2012-03-30,"26.63, 86.73",100,0.6287402,0.3531496152281761,0.6220472455024719,0.8503937125205994,0.0
0,2012-04-07,"26.63, 86.73",100,0.4708005,0.10629921406507492,0.5236220359802246,0.7496062994003295,16.0
0,2012-04-15,"26.63, 86.73",100,0.26216534,0.07086614519357681,0.28740158677101135,0.44921259284019466,0.0
0,2012-04-23,"26.63, 86.73",100,0.45385823,0.25570865869522097,0.47834646701812744,0.599212610721588,0.0
0,2012-05-01,"26.63, 86.73",100,0.39429137,0.22834645211696625,0.4133858382701874,0.5159448742866516,0.0
0,2012-05-09,"26.63, 86.73",100,0.6345669,0.17283465191721917,0.6653543412685394,1.0,0.0
0,2012-05-17,"26.63, 86.73",100,0.6146063,0.3452756032347679,0.665354311466217,0.811220446228981,0.0
0,2012-05-25,"26.63, 86.73",100,0.790823,0.4480314955115319,0.7933070659637451,1.0,16.0
0,2012-05-25,"26.63, 86.73",100,0.790823,0.4480314955115319,0.7933070659637451,1.0,16.0
0,2012-06-02,"26.63, 86.73",100,0.5273443,0.16141732037067413,0.34645670652389526,1.0,45.0
0,2012-06-10,"26.63, 86.73",100,0.98042434,0.9429133832454681,1.0,1.0,64.0
0,2012-06-18,"26.63, 86.73",100,,,,,100.0
0,2012-06-26,"26.63, 86.73",100,0.7133433,0.4606299102306366,0.6889764070510864,1.0,63.0
0,2012-07-04,"26.63, 86.73",100,,,,,100.0
0,2012-07-12,"26.63, 86.73",100,,,,,100.0
0,2012-07-20,"26.63, 86.73",100,,,,,100.0
0,2012-07-20,"26.63, 86.73",100,,,,,100.0
0,2012-07-28,"26.63, 86.73",100,,,,,100.0
0,2012-08-05,"26.63, 86.73",100,,,,,100.0
0,2012-08-13,"26.63, 86.73",100,,,,,100.0
0,2012-08-21,"26.63, 86.73",100,0.23917323,0.23346456214785577,0.24015748500823975,0.24350394010543824,96.0
0,2012-08-29,"26.63, 86.73",100,0.14247048,0.08877952992916108,0.12992125749588013,0.23149606361985206,68.0
0,2012-09-06,"26.63, 86.73",100,0.16912016,0.06496063061058521,0.14960630238056183,0.28248032182455063,54.0
0,2012-09-14,"26.63, 86.73",100,,,,,100.0
0,2012-09-14,"26.63, 86.73",100,,,,,100.0
0,2012-09-22,"26.63, 86.73",100,0.46954393,0.22440944612026215,0.4409448802471161,0.725984263420105,47.0
0,2012-09-30,"26.63, 86.73",100,0.5848792,0.27440943717956545,0.5787401795387268,1.0,41.0
0,2012-10-08,"26.63, 86.73",100,0.38674363,0.11102362126111984,0.4055117964744568,0.7141732335090621,27.0
0,2012-10-16,"26.63, 86.73",100,0.40919754,0.20334645882248878,0.42716535925865173,0.586614191532135,6.0
0,2012-10-24,"26.63, 86.73",100,0.23440947,0.10629921406507492,0.25,0.3700787425041199,0.0
0,2012-11-01,"26.63, 86.73",100,0.22358268,0.0824803128838539,0.2263779491186142,0.4057086482644081,0.0
0,2012-11-09,"26.63, 86.73",100,0.4840945,0.12185039520263671,0.49409449100494385,1.0,0.0
0,2012-11-09,"26.63, 86.73",100,0.4840945,0.12185039520263671,0.49409449100494385,1.0,0.0
0,2012-11-17,"26.63, 86.73",100,0.23165356,0.06299212574958801,0.21653543412685394,0.4844488263130188,0.0
0,2012-11-25,"26.63, 86.73",100,0.5278432,0.2590551137924194,0.539370059967041,0.7748031377792357,3.0
0,2012-12-03,"26.63, 86.73",100,0.46935627,0.16141732037067413,0.5039370059967041,0.7511811017990111,3.0
0,2012-12-11,"26.63, 86.73",100,0.60017,0.11948819160461426,0.6122047305107117,1.0,12.0
0,2012-12-19,"26.63, 86.73",100,0.31115484,0.10137795582413674,0.26377952098846436,0.634645664691925,40.0
0,2012-12-27,"26.63, 86.73",100,0.20511255,0.07874015718698502,0.16929133236408234,0.42322835326194763,29.0
0,2013-01-01,"26.63, 86.73",100,0.41642419,0.10236220806837082,0.4094488322734833,1.0,8.0
0,2013-01-09,"26.63, 86.73",100,0.6355754,0.26889762878417967,0.6279527544975281,1.0,6.0
0,2013-01-17,"26.63, 86.73",100,0.49123308,0.18818897604942322,0.5826771855354309,0.7598425149917603,3.0
0,2013-01-25,"26.63, 86.73",100,0.4207728,0.14566929638385773,0.4133858382701874,0.7984251737594603,3.0
0,2013-01-25,"26.63, 86.73",100,0.4207728,0.14566929638385773,0.4133858382701874,0.7984251737594603,3.0
0,2013-02-02,"26.63, 86.73",100,0.30875558,0.10629921406507492,0.344488188624382,0.5074803113937378,8.0
0,2013-02-10,"26.63, 86.73",100,0.3630315,0.11791338883340359,0.3799212574958801,0.5748031735420227,0.0
0,2013-02-18,"26.63, 86.73",100,0.2907874,0.07480315119028091,0.2933070957660675,0.5236220359802246,0.0
0,2013-02-26,"26.63, 86.73",100,0.5578346,0.26377952098846436,0.625984251499176,0.7999999791383743,0.0
0,2013-03-06,"26.63, 86.73",100,0.5805118,0.19271653294563293,0.6555117964744568,0.8509842634201049,0.0
0,2013-03-14,"26.63, 86.73",100,0.5563614,0.2618110179901123,0.5669291615486145,0.8342519879341125,5.0
0,2013-03-22,"26.63, 86.73",100,0.3696369,0.21259842813014984,0.36220473051071167,0.5092519640922544,2.0
0,2013-03-22,"26.63, 86.73",100,0.3696369,0.21259842813014984,0.36220473051071167,0.5092519640922544,2.0
0,2013-03-30,"26.63, 86.73",100,0.45011806,0.30314961075782776,0.41535434126853943,0.6901575088500976,0.0
0,2013-04-07,"26.63, 86.73",100,0.5710236,0.47165355533361436,0.5590550899505615,0.6773621797561645,0.0
0,2013-04-15,"26.63, 86.73",100,0.61696196,0.2592519745230675,0.5984252095222473,1.0,52.0
0,2013-04-23,"26.63, 86.73",100,0.80355346,0.24330708980560303,0.8937007784843445,1.0,61.0
0,2013-05-01,"26.63, 86.73",100,0.3259842,0.12578740119934081,0.25984251499176025,0.6875983983278273,40.0
0,2013-05-09,"26.63, 86.73",100,0.43736583,0.09842519462108612,0.4251968562602997,0.840551197528839,1.0
0,2013-05-17,"26.63, 86.73",100,0.8149606,0.4960629940032959,0.8267716765403748,1.0,69.0
0,2013-05-17,"26.63, 86.73",100,0.8149606,0.4960629940032959,0.8267716765403748,1.0,69.0
0,2013-05-25,"26.63, 86.73",100,0.31889763,0.31889763474464417,0.31889763474464417,0.31889763474464417,99.0
0,2013-06-02,"26.63, 86.73",100,0.8387899,0.6015748143196106,0.8582677245140076,1.0,43.0
0,2013-06-10,"26.63, 86.73",100,0.5181102,0.3444881871342659,0.47047244012355804,0.8511810928583141,90.0
0,2013-06-18,"26.63, 86.73",100,,,,,100.0
0,2013-06-26,"26.63, 86.73",100,,,,,100.0
0,2013-07-04,"26.63, 86.73",100,,,,,100.0
0,2013-07-12,"26.63, 86.73",100,,,,,100.0
0,2013-07-12,"26.63, 86.73",100,,,,,100.0
0,2013-07-20,"26.63, 86.73",100,,,,,100.0
0,2013-07-28,"26.63, 86.73",100,,,,,100.0
0,2013-08-05,"26.63, 86.73",100,,,,,100.0
0,2013-08-13,"26.63, 86.73",100,,,,,100.0
0,2013-08-21,"26.63, 86.73",100,,,,,100.0
0,2013-08-29,"26.63, 86.73",100,,,,,100.0
0,2013-09-06,"26.63, 86.73",100,0.73779523,0.37716535329818723,0.7755905389785767,0.9962598443031311,80.0
0,2013-09-06,"26.63, 86.73",100,0.73779523,0.37716535329818723,0.7755905389785767,0.9962598443031311,80.0
0,2013-09-14,"26.63, 86.73",100,0.16129556,0.07480314970016481,0.16535432636737823,0.25275590419769284,3.0
0,2013-09-22,"26.63, 86.73",100,0.53543305,0.5354330539703369,0.5354330539703369,0.5354330539703369,99.0
0,2013-09-30,"26.63, 86.73",100,,,,,100.0
0,2013-10-08,"26.63, 86.73",100,0.13303149,0.05885826926678419,0.14173229038715363,0.20511811673641203,0.0
0,2013-10-16,"26.63, 86.73",100,0.327246,0.09094488322734832,0.3385826647281647,0.5228346347808838,17.0
0,2013-10-24,"26.63, 86.73",100,0.683828,0.19389763474464417,0.7224409580230713,1.0,22.0
0,2013-11-01,"26.63, 86.73",100,0.40425196,0.15354330837726593,0.3858267664909363,0.6976378202438354,0.0
0,2013-11-01,"26.63, 86.73",100,0.40425196,0.15354330837726593,0.3858267664909363,0.6976378202438354,0.0
0,2013-11-09,"26.63, 86.73",100,0.16976377,0.05511811003088951,0.13188976049423218,0.4297244131565094,0.0
0,2013-11-17,"26.63, 86.73",100,0.2751181,0.05905511975288391,0.2381889745593071,0.6177165389060972,0.0
0,2013-11-25,"26.63, 86.73",100,0.30818897,0.10590551309287548,0.2578740119934082,0.72125985622406,0.0
0,2013-12-03,"26.63, 86.73",100,0.31287402,0.10236220806837082,0.2775590419769287,0.7419291377067565,0.0
0,2013-12-11,"26.63, 86.73",100,0.6374672,0.10748031586408616,0.6673228144645691,1.0,16.0
0,2013-12-19,"26.63, 86.73",100,0.7071717,0.28267716914415364,0.6988189220428467,1.0,26.0
0,2013-12-27,"26.63, 86.73",100,0.60003877,0.29133859276771545,0.6220472455024719,0.7559055089950562,39.0
0,2013-12-27,"26.63, 86.73",100,0.60003877,0.29133859276771545,0.6220472455024719,0.7559055089950562,39.0
0,2014-01-09,"26.63, 86.73",100,0.4946786,0.20078740268945694,0.4921259880065918,0.8582677245140076,9.0
0,2014-01-17,"26.63, 86.73",100,0.29950267,0.07283464595675469,0.28346458077430725,0.5177165269851683,5.0
0,2014-01-17,"26.63, 86.73",100,0.29950267,0.07283464595675469,0.28346458077430725,0.5177165269851683,5.0
0,2014-01-25,"26.63, 86.73",100,0.5074138,0.18425197005271912,0.4330708682537079,1.0,23.0
0,2014-02-02,"26.63, 86.73",100,0.5886647,0.1131889745593071,0.687007874250412,1.0,4.0
0,2014-02-10,"26.63, 86.73",100,0.3655329,0.1330708622932434,0.3818897604942322,0.5354330539703369,3.0
0,2014-02-18,"26.63, 86.73",100,0.43692914,0.05846456848084927,0.45472440123558044,0.7996062755584716,0.0
0,2014-02-26,"26.63, 86.73",100,0.42098832,0.12165354490280152,0.5,0.593307101726532,13.0
0,2014-03-06,"26.63, 86.73",100,0.36146656,0.1407480351626873,0.38385826349258423,0.5482283234596252,4.0
0,2014-03-14,"26.63, 86.73",100,0.55874014,0.3698818922042847,0.5531495809555054,0.7561023592948913,0.0
0,2014-03-14,"26.63, 86.73",100,0.55874014,0.3698818922042847,0.5531495809555054,0.7561023592948913,0.0
0,2014-03-22,"26.63, 86.73",100,0.42800903,0.0696850422769785,0.5059055089950562,0.8246063232421874,2.0
0,2014-03-30,"26.63, 86.73",100,0.4401181,0.26653542518615725,0.4251968562602997,0.6781495839357375,0.0
0,2014-04-07,"26.63, 86.73",100,0.4598818,0.2753936886787415,0.48228347301483154,0.6496062874794006,0.0
0,2014-04-15,"26.63, 86.73",100,0.39570868,0.27165353298187256,0.3681102395057678,0.5753937244415283,0.0
0,2014-04-23,"26.63, 86.73",100,0.4773622,0.36614173650741577,0.45866140723228455,0.6230314970016478,0.0
0,2014-05-01,"26.63, 86.73",100,0.8756406,0.6905512094497681,0.8818897604942322,1.0,37.0
0,2014-05-09,"26.63, 86.73",100,0.3413386,0.18877952694892883,0.3405511677265167,0.4842519760131836,0.0
0,2014-05-09,"26.63, 86.73",100,0.3413386,0.18877952694892883,0.3405511677265167,0.4842519760131836,0.0
0,2014-05-17,"26.63, 86.73",100,0.59553266,0.32893700003623966,0.539370059967041,0.9338582485914227,2.0
0,2014-05-25,"26.63, 86.73",100,0.44094485,0.07322834543883801,0.5354330539703369,0.7200787544250488,45.0
0,2014-06-02,"26.63, 86.73",100,0.9135827,0.12854330502450467,1.0,1.0,40.0
0,2014-06-10,"26.63, 86.73",100,0.9114173,0.4159448936581611,1.0,1.0,18.0
0,2014-06-18,"26.63, 86.73",100,0.96631676,0.90866140127182,0.960629940032959,1.0,91.0
0,2014-06-26,"26.63, 86.73",100,0.97900265,0.8832677125930786,1.0,1.0,82.0
0,2014-07-04,"26.63, 86.73",100,,,,,100.0
0,2014-07-04,"26.63, 86.73",100,,,,,100.0
0,2014-07-12,"26.63, 86.73",100,,,,,100.0
0,2014-07-20,"26.63, 86.73",100,,,,,100.0
0,2014-07-28,"26.63, 86.73",100,0.2540226,0.10629921108484269,0.27165353298187256,0.3173228323459625,77.0
0,2014-08-05,"26.63, 86.73",100,,,,,100.0
0,2014-08-13,"26.63, 86.73",100,,,,,100.0
0,2014-08-21,"26.63, 86.73",100,0.2984252,0.2732283413410187,0.29527559876441956,0.3204724371433258,95.0
0,2014-08-29,"26.63, 86.73",100,0.21936199,0.16259842067956926,0.23228345811367035,0.2562992095947266,61.0
0,2014-08-29,"26.63, 86.73",100,0.21936199,0.16259842067956926,0.23228345811367035,0.2562992095947266,61.0
0,2014-09-06,"26.63, 86.73",100,0.3405512,0.23228345811367035,0.2421259805560112,0.5866141647100447,96.0
0,2014-09-14,"26.63, 86.73",100,0.257874,0.17913385406136512,0.27952754497528076,0.30629921108484265,96.0
0,2014-09-22,"26.63, 86.73",100,1.0,1.0,1.0,1.0,86.0
0,2014-09-30,"26.63, 86.73",100,0.32472438,0.09842519462108612,0.31102362275123596,0.634645664691925,0.0
0,2014-10-08,"26.63, 86.73",100,0.29280758,0.12598425149917603,0.29133859276771545,0.4240157544612884,33.0
0,2014-10-16,"26.63, 86.73",100,0.25409448,0.11417322605848312,0.25,0.40629919916391366,0.0
0,2014-10-24,"26.63, 86.73",100,0.28735632,0.09055118262767792,0.26377952098846436,0.6149606347084046,13.0
0,2014-10-24,"26.63, 86.73",100,0.28735632,0.09055118262767792,0.26377952098846436,0.6149606347084046,13.0
0,2014-11-01,"26.63, 86.73",100,0.3016322,0.14960630238056183,0.2578740119934082,0.6338582634925842,4.0
0,2014-11-09,"26.63, 86.73",100,0.84694874,0.4403543293476105,0.8937007784843445,1.0,20.0
0,2014-11-17,"26.63, 86.73",100,0.6273403,0.33248030543327334,0.6043307185173035,1.0,10.0
0,2014-11-25,"26.63, 86.73",100,0.72152764,0.2944881916046143,0.8149606585502625,1.0,3.0
0,2014-12-03,"26.63, 86.73",100,0.43006283,0.12283464670181275,0.3858267664909363,1.0,11.0
0,2014-12-11,"26.63, 86.73",100,0.36031097,0.12125984355807305,0.28346458077430725,0.7877952635288233,21.0
0,2014-12-19,"26.63, 86.73",100,0.3079569,0.09330708682537078,0.30314961075782776,0.6031496167182919,5.0
0,2014-12-19,"26.63, 86.73",100,0.3079569,0.09330708682537078,0.30314961075782776,0.6031496167182919,5.0
0,2014-12-27,"26.63, 86.73",100,0.13511647,0.07480315119028091,0.11811023950576782,0.24803149700164773,3.0
0,2015-01-09,"26.63, 86.73",100,0.22023621,0.07047244422137737,0.19685038924217224,0.4490157425403595,0.0
0,2015-01-09,"26.63, 86.73",100,0.22023621,0.07047244422137737,0.19685038924217224,0.4490157425403595,0.0
0,2015-01-17,"26.63, 86.73",100,0.25149778,0.08307086788117886,0.1909448802471161,0.500984251499176,8.0
0,2015-01-25,"26.63, 86.73",100,0.50100714,0.15944881737232208,0.5216535329818726,0.8690944910049438,14.0
0,2015-02-02,"26.63, 86.73",100,0.534685,0.09803149402141571,0.6062992215156555,0.9177165150642395,0.0
0,2015-02-10,"26.63, 86.73",100,0.7842001,0.30708661675453186,1.0,1.0,9.0
0,2015-02-18,"26.63, 86.73",100,0.79142904,0.28464568257331846,0.9173228144645691,1.0,13.0
0,2015-02-26,"26.63, 86.73",100,0.19384842,0.05511811003088951,0.16535432636737823,0.3442913249135016,20.0
0,2015-03-06,"26.63, 86.73",100,0.39087105,0.1525590568780899,0.374015748500824,0.6427165269851685,4.0
0,2015-03-06,"26.63, 86.73",100,0.39087105,0.1525590568780899,0.374015748500824,0.6427165269851685,4.0
0,2015-03-14,"26.63, 86.73",100,0.3394094,0.10157480649650097,0.3897637724876404,0.5511810779571533,0.0
0,2015-03-22,"26.63, 86.73",100,0.71340185,0.4055117964744568,0.7598425149917603,1.0,2.0
0,2015-03-30,"26.63, 86.73",100,0.32215586,0.1283464550971985,0.33070865273475647,0.5263779401779175,13.0
0,2015-04-07,"26.63, 86.73",100,0.25042617,0.14409449100494384,0.24015748500823975,0.3937007784843445,3.0
0,2015-04-15,"26.63, 86.73",100,0.48080102,0.25984251499176025,0.4724409580230713,0.6771653294563293,19.0
0,2015-04-23,"26.63, 86.73",100,0.4085564,0.22440944612026215,0.4133858382701874,0.6425196766853332,25.0
0,2015-05-01,"26.63, 86.73",100,0.58344835,0.14015748500823974,0.6417322754859924,0.9338582396507262,3.0
0,2015-05-01,"26.63, 86.73",100,0.58344835,0.14015748500823974,0.6417322754859924,0.9338582396507262,3.0
0,2015-05-09,"26.63, 86.73",100,0.42648658,0.3486220553517342,0.4114173352718353,0.5175196766853333,42.0
0,2015-05-17,"26.63, 86.73",100,0.67637795,0.4133858382701874,0.7224409580230713,0.8824803113937377,0.0
0,2015-05-25,"26.63, 86.73",100,0.7945185,0.4391732275485992,0.8169291615486145,1.0,48.0
0,2015-06-02,"26.63, 86.73",100,0.67975557,0.2568897604942322,0.7362204790115356,0.9320866018533707,24.0
0,2015-06-10,"26.63, 86.73",100,0.66329205,0.437007874250412,0.6850393414497375,0.8700787425041199,79.0
0,2015-06-18,"26.63, 86.73",100,,,,,100.0
0,2015-06-26,"26.63, 86.73",100,,,,,100.0
0,2015-06-26,"26.63, 86.73",100,,,,,100.0
0,2015-07-04,"26.63, 86.73",100,,,,,100.0
0,2015-07-12,"26.63, 86.73",100,,,,,100.0
0,2015-07-20,"26.63, 86.73",100,0.17829974,0.09055118262767792,0.18110236525535583,0.2641732215881347,41.0
0,2015-07-28,"26.63, 86.73",100,0.36122048,0.2968504011631012,0.3523622006177902,0.44330708384513856,92.0
0,2015-08-05,"26.63, 86.73",100,0.6524696,0.3897637724876404,0.7165354490280151,0.7814960479736328,89.0
0,2015-08-13,"26.63, 86.73",100,,,,,100.0
0,2015-08-21,"26.63, 86.73",100,,,,,100.0
0,2015-08-21,"26.63, 86.73",100,,,,,100.0
0,2015-08-29,"26.63, 86.73",100,,,,,100.0
0,2015-09-06,"26.63, 86.73",100,1.0,1.0,1.0,1.0,92.0
0,2015-09-14,"26.63, 86.73",100,,,,,100.0
0,2015-09-22,"26.63, 86.73",100,0.52040684,0.22007873952388762,0.5649606585502625,0.6222440958023071,40.0
0,2015-09-30,"26.63, 86.73",100,0.28897637,0.09448818862438202,0.30708661675453186,0.5472440719604492,0.0
0,2015-10-08,"26.63, 86.73",100,0.26562992,0.09429133832454681,0.25590550899505615,0.4881889820098877,0.0
0,2015-10-16,"26.63, 86.73",100,0.63503355,0.15472441017627717,0.7007874250411987,1.0,33.0
0,2015-10-16,"26.63, 86.73",100,0.63503355,0.15472441017627717,0.7007874250411987,1.0,33.0
0,2015-10-24,"26.63, 86.73",100,0.43058014,0.12539370059967042,0.5216535329818726,0.681692886352539,2.0
0,2015-11-01,"26.63, 86.73",100,0.7573819,0.19586613774299622,0.9251968264579773,1.0,4.0
0,2015-11-09,"26.63, 86.73",100,0.73696643,0.32165353894233706,0.9055117964744568,1.0,5.0
0,2015-11-17,"26.63, 86.73",100,0.5688583,0.16909448206424713,0.6397637724876404,0.984645676612854,0.0
0,2015-11-25,"26.63, 86.73",100,0.85350454,0.3818897604942322,1.0,1.0,19.0
0,2015-12-03,"26.63, 86.73",100,0.5547293,0.30708661675453186,0.5748031735420227,0.751968502998352,19.0
0,2015-12-11,"26.63, 86.73",100,0.68477976,0.2145669311285019,0.7992125749588013,1.0,9.0
0,2015-12-11,"26.63, 86.73",100,0.68477976,0.2145669311285019,0.7992125749588013,1.0,9.0
0,2015-12-19,"26.63, 86.73",100,0.53403026,0.20590551793575287,0.5039370059967041,0.974015760421753,13.0
0,2015-12-27,"26.63, 86.73",100,0.37872303,0.10629921406507492,0.32677164673805237,0.8622047305107117,8.0
0,2016-01-01,"26.63, 86.73",100,0.58508766,0.1360236167907715,0.6122047305107117,1.0,2.0
0,2016-01-09,"26.63, 86.73",100,0.88962644,0.47834646701812744,1.0,1.0,14.0
0,2016-01-17,"26.63, 86.73",100,0.7965393,0.24803149700164795,1.0,1.0,19.0
0,2016-01-25,"26.63, 86.73",100,0.70713294,0.2015747994184494,0.7755905389785767,1.0,15.0
0,2016-02-02,"26.63, 86.73",100,0.75067055,0.4133858382701874,0.8031495809555054,0.9842519760131836,9.0
0,2016-02-10,"26.63, 86.73",100,0.6334814,0.14173229038715363,0.7440944910049438,0.9645669460296631,6.0
0,2016-02-18,"26.63, 86.73",100,0.7773247,0.12263779640197754,1.0,1.0,16.0
0,2016-02-26,"26.63, 86.73",100,0.7613298,0.37185039520263674,0.8484252095222473,1.0,10.0
0,2016-02-26,"26.63, 86.73",100,0.7613298,0.37185039520263674,0.8484252095222473,1.0,10.0
0,2016-03-06,"26.63, 86.73",100,0.53437006,0.12598425149917603,0.6141732335090637,0.9450787663459778,0.0
0,2016-03-14,"26.63, 86.73",100,0.46405894,0.2937007963657379,0.4645669162273407,0.6000000119209288,7.0
0,2016-03-22,"26.63, 86.73",100,0.6280709,0.35787402391433715,0.6122047305107117,0.9570866346359252,0.0
0,2016-03-30,"26.63, 86.73",100,0.51406074,0.11811023950576782,0.39173227548599243,1.0,2.0
0,2016-04-07,"26.63, 86.73",100,0.6243307,0.2826771780848503,0.6102362275123596,0.9962598443031311,0.0
0,2016-04-15,"26.63, 86.73",100,0.6463187,0.3787401556968689,0.6811023354530334,0.825196874141693,3.0
0,2016-04-15,"26.63, 86.73",100,0.6463187,0.3787401556968689,0.6811023354530334,0.825196874141693,3.0
0,2016-04-23,"26.63, 86.73",100,0.55011815,0.34625985473394394,0.5590550899505615,0.7677165269851685,0.0
0,2016-05-01,"26.63, 86.73",100,0.8904834,0.6401574730873107,0.9291338324546814,1.0,7.0
0,2016-05-09,"26.63, 86.73",100,0.6090697,0.38444881439208983,0.4960629940032959,0.9690945029258726,46.0
0,2016-05-17,"26.63, 86.73",100,0.43782806,0.19586613774299622,0.39960628747940063,0.7214567065238953,4.0
0,2016-05-25,"26.63, 86.73",100,0.70188606,0.1456692934036255,0.7322834730148315,1.0,57.0
0,2016-06-02,"26.63, 86.73",100,0.70734906,0.3181102335453034,0.7421259880065918,0.916338562965393,46.0
0,2016-06-10,"26.63, 86.73",100,,,,,100.0
0,2016-06-10,"26.63, 86.73",100,,,,,100.0
0,2016-06-18,"26.63, 86.73",100,,,,,100.0
0,2016-06-26,"26.63, 86.73",100,,,,,100.0
0,2016-07-04,"26.63, 86.73",100,,,,,100.0
0,2016-07-12,"26.63, 86.73",100,,,,,100.0
0,2016-07-20,"26.63, 86.73",100,,,,,100.0
0,2016-07-28,"26.63, 86.73",100,0.20472442,0.20472441613674164,0.20472441613674164,0.20472441613674164,99.0
0,2016-08-05,"26.63, 86.73",100,,,,,100.0
0,2016-08-05,"26.63, 86.73",100,,,,,100.0
0,2016-08-13,"26.63, 86.73",100,0.23622048,0.23622047901153564,0.23622047901153564,0.23622047901153564,99.0
0,2016-08-21,"26.63, 86.73",100,0.29544312,0.06535433158278466,0.27952754497528076,0.605905520915985,53.0
0,2016-08-29,"26.63, 86.73",100,0.8070866,0.7929133683443069,0.8070866167545319,0.8212598651647568,98.0
0,2016-09-06,"26.63, 86.73",100,,,,,100.0
0,2016-09-14,"26.63, 86.73",100,0.37795275,0.3779527544975281,0.3779527544975281,0.3779527544975281,99.0
0,2016-09-22,"26.63, 86.73",100,0.19685039,0.19685038924217224,0.19685038924217224,0.19685038924217224,99.0
0,2016-09-30,"26.63, 86.73",100,0.3600956,0.2494094491004944,0.35826772451400757,0.46043305993080136,72.0
0,2016-09-30,"26.63, 86.73",100,0.3600956,0.2494094491004944,0.35826772451400757,0.46043305993080136,72.0
0,2016-10-08,"26.63, 86.73",100,0.5197811,0.23228345811367035,0.5236220359802246,0.7716535329818726,59.0
0,2016-10-16,"26.63, 86.73",100,0.2387795,0.06299212574958801,0.18110236525535583,0.5486220270395278,0.0
0,2016-10-24,"26.63, 86.73",100,0.36626348,0.14173229038715363,0.32677164673805237,0.7480314970016477,3.0
0,2016-11-01,"26.63, 86.73",100,0.1482542,0.03937007859349251,0.12992125749588013,0.34803150892257684,1.0
0,2016-11-09,"26.63, 86.73",100,0.25337458,0.0781496062874794,0.2263779491186142,0.5281495928764343,2.0
0,2016-11-17,"26.63, 86.73",100,0.31224412,0.0824803128838539,0.2933070957660675,0.6860235959291457,0.0
0,2016-11-25,"26.63, 86.73",100,0.4044882,0.15748031437397003,0.4212598502635956,0.7131889939308166,0.0
0,2016-11-25,"26.63, 86.73",100,0.4044882,0.15748031437397003,0.4212598502635956,0.7131889939308166,0.0
0,2016-12-03,"26.63, 86.73",100,0.40718076,0.05511811003088951,0.312992125749588,1.0,8.0
0,2016-12-11,"26.63, 86.73",100,0.20767717,0.06692913174629211,0.17519685626029968,0.4305118143558501,0.0
0,2016-12-19,"26.63, 86.73",100,0.3709139,0.13385826349258423,0.32283464074134827,0.7614173173904418,1.0
0,2016-12-27,"26.63, 86.73",100,0.29715252,0.14665354788303375,0.2854330837726593,0.47933071106672287,14.0
0,2017-01-01,"26.63, 86.73",100,0.2952756,0.29527559876441956,0.29527559876441956,0.29527559876441956,99.0
0,2017-01-09,"26.63, 86.73",100,0.7314029,0.2539370059967041,0.7775590419769287,1.0,24.0
0,2017-01-17,"26.63, 86.73",100,0.50711846,0.1649606257677078,0.4803149700164795,0.9783464670181273,1.0
0,2017-01-25,"26.63, 86.73",100,0.33086613,0.11791338883340359,0.3484252095222473,0.5165354251861571,0.0
0,2017-02-02,"26.63, 86.73",100,0.6631102,0.15728346407413482,0.7578740119934082,0.9472441196441649,0.0
0,2017-02-10,"26.63, 86.73",100,0.5479921,0.24409449100494385,0.5688976347446442,0.8779527544975281,0.0
0,2017-02-10,"26.63, 86.73",100,0.5479921,0.24409449100494385,0.5688976347446442,0.8779527544975281,0.0
0,2017-02-18,"26.63, 86.73",100,0.82050455,0.3925196766853333,1.0,1.0,2.0
0,2017-02-26,"26.63, 86.73",100,0.55728346,0.0746063008904457,0.6909449100494385,0.8513779640197753,0.0
0,2017-03-06,"26.63, 86.73",100,0.39163083,0.18897637724876404,0.4015747904777527,0.6102362275123594,3.0
0,2017-03-14,"26.63, 86.73",100,0.54274464,0.3169291317462921,0.5433070659637451,0.7618110179901123,9.0
0,2017-03-22,"26.63, 86.73",100,0.7108487,0.07834645658731461,0.8838582634925842,1.0,10.0
0,2017-03-30,"26.63, 86.73",100,0.5605974,0.2212598413228989,0.5787401795387268,1.0,3.0
0,2017-04-07,"26.63, 86.73",100,0.5573228,0.39330707788467406,0.5137795209884644,0.7883858084678649,0.0
0,2017-04-07,"26.63, 86.73",100,0.5573228,0.39330707788467406,0.5137795209884644,0.7883858084678649,0.0
0,2017-04-15,"26.63, 86.73",100,0.4118191,0.0663385808467865,0.38779526948928833,0.8627952814102166,2.0
0,2017-04-23,"26.63, 86.73",100,0.44649604,0.13759841918945312,0.46259841322898865,0.7137795448303222,0.0
0,2017-05-01,"26.63, 86.73",100,0.4629134,0.14940945208072662,0.4921259880065918,0.695472466945648,0.0
0,2017-05-09,"26.63, 86.73",100,0.8710809,0.47637794613838197,0.9881889820098877,1.0,45.0
0,2017-05-17,"26.63, 86.73",100,0.5348763,0.17716535925865173,0.6062992215156555,0.8208661675453185,1.0
0,2017-05-25,"26.63, 86.73",100,0.6397931,0.27165353298187256,0.665354311466217,0.9688976526260376,33.0
0,2017-06-02,"26.63, 86.73",100,0.73935866,0.5944882035255432,0.7244094610214233,0.9291338324546813,31.0
0,2017-06-02,"26.63, 86.73",100,0.73935866,0.5944882035255432,0.7244094610214233,0.9291338324546813,31.0
0,2017-06-10,"26.63, 86.73",100,0.78363955,0.39606298208236695,0.8779527544975281,1.0,55.0
0,2017-06-18,"26.63, 86.73",100,0.90323246,0.8003936767578125,0.8897637724876404,1.0,81.0
0,2017-06-26,"26.63, 86.73",100,,,,,100.0
0,2017-07-04,"26.63, 86.73",100,,,,,100.0
0,2017-07-12,"26.63, 86.73",100,0.22715344,0.013385826721787454,0.10236220806837082,0.6433070778846741,67.0
0,2017-07-20,"26.63, 86.73",100,,,,,100.0
0,2017-07-28,"26.63, 86.73",100,,,,,100.0
0,2017-07-28,"26.63, 86.73",100,,,,,100.0
0,2017-08-05,"26.63, 86.73",100,,,,,100.0
0,2017-08-13,"26.63, 86.73",100,,,,,100.0
0,2017-08-21,"26.63, 86.73",100,0.303,0.2886000007390976,0.30300000309944153,0.3174000054597855,98.0
0,2017-08-29,"26.63, 86.73",100,,,,,100.0
0,2017-09-06,"26.63, 86.73",100,,,,,100.0
0,2017-09-14,"26.63, 86.73",100,0.20091306,0.09099999815225601,0.17299999296665192,0.3257999926805496,77.0
0,2017-09-22,"26.63, 86.73",100,0.56866276,0.14675000309944153,0.5239999890327454,1.0,14.0
0,2017-09-22,"26.63, 86.73",100,0.56866276,0.14675000309944153,0.5239999890327454,1.0,14.0
0,2017-09-30,"26.63, 86.73",100,0.15048334,0.0823999971151352,0.15399999916553497,0.2173499934375286,40.0
0,2017-10-08,"26.63, 86.73",100,0.4251667,0.012000000104308128,0.4090000092983246,1.0,4.0
0,2017-10-16,"26.63, 86.73",100,0.44136736,0.08639999739825725,0.38199999928474426,0.9095999807119369,2.0
0,2017-10-24,"26.63, 86.73",100,0.6437245,0.2117999993264675,0.6689999997615814,1.0,2.0
0,2017-11-01,"26.63, 86.73",100,0.14598,0.058800000324845315,0.11600000038743019,0.29979999512434,0.0
0,2017-11-09,"26.63, 86.73",100,0.15848455,0.04699999839067459,0.12600000202655792,0.38840000629425037,3.0
0,2017-11-17,"26.63, 86.73",100,0.37475997,0.08679999746382236,0.3959999978542328,0.7360000014305115,0.0
0,2017-11-17,"26.63, 86.73",100,0.37475997,0.08679999746382236,0.3959999978542328,0.7360000014305115,0.0
0,2017-11-25,"26.63, 86.73",100,0.50777006,0.15884999856352808,0.49800001084804535,1.0,0.0
0,2017-12-03,"26.63, 86.73",100,0.21595,0.04699999839067459,0.17899999767541885,0.5283499985933303,0.0
0,2017-12-11,"26.63, 86.73",100,0.33554736,0.07500000298023224,0.3659999966621399,0.626799988746643,5.0
0,2017-12-19,"26.63, 86.73",100,0.39767784,0.16500000655651093,0.3700000047683716,0.9041500002145761,10.0
0,2017-12-27,"26.63, 86.73",100,0.1894607,0.03500000014901161,0.15399999916553497,0.4298000037670135,11.0
0,2018-01-01,"26.63, 86.73",100,0.36398628,0.09639999717473983,0.29899999499320984,0.8586000084877011,27.0
0,2018-01-09,"26.63, 86.73",100,0.19647616,0.11860000044107437,0.19299999624490738,0.28144999295473083,58.0
0,2018-01-17,"26.63, 86.73",100,0.308,0.1770000010728836,0.3190000057220459,0.43299999833106995,36.0
0,2018-01-25,"26.63, 86.73",100,0.89705,0.5118000239133835,1.0,1.0,20.0
0,2018-02-02,"26.63, 86.73",100,0.6662783,0.03500000014901161,0.8899999856948853,1.0,3.0
0,2018-02-02,"26.63, 86.73",100,0.6662783,0.03500000014901161,0.8899999856948853,1.0,3.0
0,2018-02-10,"26.63, 86.73",100,0.6768526,0.20499999821186066,0.7440000176429749,1.0,5.0
0,2018-02-18,"26.63, 86.73",100,0.94026506,0.6287999868392945,1.0,1.0,17.0
0,2018-02-26,"26.63, 86.73",100,0.6586458,0.14600000530481339,0.8089999854564667,1.0,4.0
0,2018-03-06,"26.63, 86.73",100,0.51053,0.13699999675154687,0.5769999921321869,0.7446000158786773,0.0
0,2018-03-14,"26.63, 86.73",100,0.50658005,0.25580001175403594,0.4685000032186508,0.8389999866485596,0.0
0,2018-03-22,"26.63, 86.73",100,0.71345,0.42100000381469727,0.7129999995231628,1.0,0.0
0,2018-03-30,"26.63, 86.73",100,0.5588,0.1889999955892563,0.6380000114440918,0.7283999860286713,0.0
0,2018-03-30,"26.63, 86.73",100,0.5588,0.1889999955892563,0.6380000114440918,0.7283999860286713,0.0
0,2018-04-07,"26.63, 86.73",100,0.39845362,0.04699999839067459,0.43700000643730164,0.7710000038146971,3.0
0,2018-04-15,"26.63, 86.73",100,0.5985102,0.12939999625086784,0.7184999883174896,1.0,2.0
0,2018-04-23,"26.63, 86.73",100,0.68643934,0.1730000004172325,0.7400000095367432,1.0,34.0
0,2018-05-01,"26.63, 86.73",100,0.6705231,0.27820001244544984,0.6930000185966492,1.0,35.0
0,2018-05-09,"26.63, 86.73",100,0.39126003,0.09079999811947345,0.443000003695488,0.6779999881982802,0.0
0,2018-05-17,"26.63, 86.73",100,0.4527333,0.3475999891757965,0.4490000009536743,0.5910000205039978,55.0
0,2018-05-25,"26.63, 86.73",100,0.9089028,0.6236000090837479,0.9939999878406525,1.0,28.0
0,2018-05-25,"26.63, 86.73",100,0.9089028,0.6236000090837479,0.9939999878406525,1.0,28.0
0,2018-06-02,"26.63, 86.73",100,0.4948485,0.37400001287460327,0.47999998927116394,0.6332000017166137,67.0
0,2018-06-10,"26.63, 86.73",100,0.6348947,0.12140000127255916,0.8740000128746033,1.0,62.0
0,2018-06-18,"26.63, 86.73",100,0.9051111,0.7360000014305115,0.925000011920929,1.0,64.0
0,2018-06-26,"26.63, 86.73",100,,,,,100.0
0,2018-07-04,"26.63, 86.73",100,,,,,100.0
0,2018-07-12,"26.63, 86.73",100,0.119,0.08379999697208404,0.10599999874830246,0.16520000100135804,95.0
0,2018-07-20,"26.63, 86.73",100,,,,,100.0
0,2018-07-20,"26.63, 86.73",100,,,,,100.0
0,2018-07-28,"26.63, 86.73",100,,,,,100.0
0,2018-08-05,"26.63, 86.73",100,,,,,100.0
0,2018-08-13,"26.63, 86.73",100,0.26500002,0.06880000196397304,0.2460000067949295,0.4872500076889991,90.0
0,2018-08-21,"26.63, 86.73",100,,,,,100.0
0,2018-08-29,"26.63, 86.73",100,,,,,100.0
0,2018-09-06,"26.63, 86.73",100,,,,,100.0
0,2018-09-14,"26.63, 86.73",100,0.55985004,0.37770000696182254,0.5,0.8470499873161317,80.0
0,2018-09-14,"26.63, 86.73",100,0.55985004,0.37770000696182254,0.5,0.8470499873161317,80.0
0,2018-09-22,"26.63, 86.73",100,0.60025,0.5550000071525574,0.5825000107288361,0.6703499972820282,96.0
0,2018-09-30,"26.63, 86.73",100,0.7563174,0.4831999927759171,0.7950000166893005,0.9717000007629395,37.0
0,2018-10-08,"26.63, 86.73",100,0.4809727,0.31740000247955324,0.5,0.6092000126838684,27.0
0,2018-10-16,"26.63, 86.73",100,0.7687703,0.24239999502897264,0.9054999947547913,1.0,26.0
0,2018-10-24,"26.63, 86.73",100,0.24518001,0.0827999971807003,0.26600000262260437,0.3993500024080276,0.0
0,2018-11-01,"26.63, 86.73",100,0.53134,0.15000000596046448,0.5295000076293945,0.9534000098705292,0.0
0,2018-11-09,"26.63, 86.73",100,0.70903194,0.21699999272823334,0.8425000011920929,1.0,6.0
0,2018-11-09,"26.63, 86.73",100,0.70903194,0.21699999272823334,0.8425000011920929,1.0,6.0
0,2018-11-17,"26.63, 86.73",100,0.71959996,0.17660000100731849,0.9040000140666962,1.0,0.0
0,2018-11-25,"26.63, 86.73",100,0.38746,0.09079999811947345,0.3330000042915344,0.7966000169515609,0.0
0,2018-12-03,"26.63, 86.73",100,0.5305955,0.23279999792575837,0.5080000162124634,0.9610000252723694,11.0
0,2018-12-11,"26.63, 86.73",100,0.20667394,0.08340000025928021,0.20499999821186066,0.37139999419450764,8.0
0,2018-12-19,"26.63, 86.73",100,0.42405266,0.08579999729990959,0.4169999957084656,0.8856000185012817,5.0
0,2018-12-27,"26.63, 86.73",100,0.5747632,0.16099999845027924,0.5550000071525574,0.9577500075101852,24.0
0,2019-01-01,"26.63, 86.73",100,0.32382,0.08699999749660492,0.29899999499320984,0.7053999841213227,0.0
0,2019-01-09,"26.63, 86.73",100,0.73252183,0.3136000081896782,0.8209999799728394,1.0,8.0
0,2019-01-17,"26.63, 86.73",100,0.62901086,0.3194000065326691,0.6100000143051147,1.0,8.0
0,2019-01-25,"26.63, 86.73",100,0.5729069,0.23399999365210533,0.659500002861023,0.8129999935626984,14.0
0,2019-01-25,"26.63, 86.73",100,0.5729069,0.23399999365210533,0.659500002861023,0.8129999935626984,14.0
0,2019-02-02,"26.63, 86.73",100,0.611134,0.190599998831749,0.6690000295639038,1.0,3.0
0,2019-02-10,"26.63, 86.73",100,0.33669475,0.10709999948740007,0.2639999985694885,0.786599999666214,5.0
0,2019-02-18,"26.63, 86.73",100,0.77798647,0.23189999759197238,0.9149999916553497,1.0,26.0
0,2019-02-26,"26.63, 86.73",100,0.47058535,0.10639999881386757,0.46299999952316284,0.8444500148296357,18.0
0,2019-03-06,"26.63, 86.73",100,0.37413135,0.054999999701976776,0.42100000381469727,0.6503999769687653,1.0
0,2019-03-14,"26.63, 86.73",100,0.47862628,0.2165999934077263,0.5350000262260437,0.6773999869823456,1.0
0,2019-03-22,"26.63, 86.73",100,0.59646,0.20419999808073044,0.6120000183582306,0.8899999856948853,0.0
0,2019-03-22,"26.63, 86.73",100,0.59646,0.20419999808073044,0.6120000183582306,0.8899999856948853,0.0
0,2019-03-30,"26.63, 86.73",100,0.713027,0.10859999917447567,1.0,1.0,26.0
0,2019-04-07,"26.63, 86.73",100,0.589671,0.3294999897480011,0.5789999961853027,0.8957499861717224,24.0
0,2019-04-15,"26.63, 86.73",100,0.34582657,0.1013999979943037,0.3700000047683716,0.567200022935867,2.0
0,2019-04-23,"26.63, 86.73",100,0.8143371,0.5905999779701233,0.8190000057220459,1.0,11.0
0,2019-05-01,"26.63, 86.73",100,0.56506,0.3659999966621399,0.6199999749660492,0.7129999995231628,0.0
0,2019-05-09,"26.63, 86.73",100,0.82682973,0.4006000071763992,0.9129999876022339,1.0,6.0
0,2019-05-17,"26.63, 86.73",100,0.7356163,0.19699999690055847,0.976500004529953,1.0,14.0
0,2019-05-17,"26.63, 86.73",100,0.7356163,0.19699999690055847,0.976500004529953,1.0,14.0
0,2019-05-25,"26.63, 86.73",100,0.859921,0.6344999969005585,0.9135000109672546,1.0,24.0
0,2019-06-02,"26.63, 86.73",100,0.6457045,0.3564000025391579,0.6649999916553497,0.9867499887943268,56.0
0,2019-06-10,"26.63, 86.73",100,0.8252069,0.4449999928474426,0.9650000035762787,1.0,42.0
0,2019-06-18,"26.63, 86.73",100,0.81369567,0.2679999992251396,0.9014999866485596,1.0,54.0
0,2019-06-26,"26.63, 86.73",100,0.78349996,0.5886499732732773,0.7834999859333038,0.9783499985933304,98.0
0,2019-07-04,"26.63, 86.73",100,,,,,100.0
0,2019-07-12,"26.63, 86.73",100,1.0,1.0,1.0,1.0,84.0
0,2019-07-12,"26.63, 86.73",100,1.0,1.0,1.0,1.0,84.0
0,2019-07-20,"26.63, 86.73",100,,,,,100.0
0,2019-07-28,"26.63, 86.73",100,,,,,100.0
0,2019-08-05,"26.63, 86.73",100,0.10078571,0.0,0.07899999991059303,0.2280000001192093,2.0
0,2019-08-13,"26.63, 86.73",100,,,,,100.0
0,2019-08-21,"26.63, 86.73",100,0.289,0.06850000023841858,0.15399999916553497,0.6039999842643737,97.0
0,2019-08-29,"26.63, 86.73",100,0.12290476,0.07900000363588333,0.10199999809265137,0.25200000405311584,79.0
0,2019-09-06,"26.63, 86.73",100,,,,,100.0
0,2019-09-06,"26.63, 86.73",100,,,,,100.0
0,2019-09-14,"26.63, 86.73",100,0.42017144,0.18980000466108324,0.4410000145435333,0.5729999840259551,65.0
0,2019-09-22,"26.63, 86.73",100,0.37,0.3700000047683716,0.3700000047683716,0.3700000047683716,99.0
0,2019-09-30,"26.63, 86.73",100,,,,,100.0
0,2019-10-08,"26.63, 86.73",100,0.2782,0.11800000071525574,0.24000000208616257,0.5389999747276306,10.0
0,2019-10-16,"26.63, 86.73",100,0.4540421,0.13559999614953994,0.4569999873638153,0.7829999923706055,5.0
0,2019-10-24,"26.63, 86.73",100,0.3647639,0.09619999714195729,0.2854999899864197,0.9303999960422517,28.0
0,2019-11-01,"26.63, 86.73",100,0.4816,0.15700000524520874,0.4610000103712082,0.8982000023126602,0.0
0,2019-11-01,"26.63, 86.73",100,0.4816,0.15700000524520874,0.4610000103712082,0.8982000023126602,0.0
0,2019-11-09,"26.63, 86.73",100,0.34998,0.09099999815225601,0.296999990940094,0.7291499793529508,0.0
0,2019-11-17,"26.63, 86.73",100,0.76597786,0.31299999356269836,0.9089999794960022,1.0,9.0
0,2019-11-25,"26.63, 86.73",100,0.4902738,0.09799999743700027,0.5409999787807465,0.7336000055074691,16.0
0,2019-12-03,"26.63, 86.73",100,0.4211563,0.164000004529953,0.403999999165535,0.8967499881982803,4.0
0,2019-12-11,"26.63, 86.73",100,0.64147615,0.22440000623464584,0.6420000195503235,1.0,37.0
0,2019-12-19,"26.63, 86.73",100,0.43223754,0.12959999553859233,0.3959999978542328,0.9015500009059904,20.0
0,2019-12-27,"26.63, 86.73",100,0.2531519,0.10159999802708626,0.19300000369548798,0.5282999873161314,21.0
0,2019-12-27,"26.63, 86.73",100,0.2531519,0.10159999802708626,0.19300000369548798,0.5282999873161314,21.0
0,2020-01-09,"26.63, 86.73",100,0.45451045,0.08599999733269215,0.3919999897480011,0.8850000202655792,4.0
0,2020-01-17,"26.63, 86.73",100,0.5798616,0.13959999680519103,0.5910000205039978,1.0,35.0
0,2020-01-17,"26.63, 86.73",100,0.5798616,0.13959999680519103,0.5910000205039978,1.0,35.0
0,2020-01-25,"26.63, 86.73",100,0.84243524,0.23920000195503235,1.0,1.0,15.0
0,2020-02-02,"26.63, 86.73",100,0.8203708,0.4346000015735626,0.9610000252723694,1.0,11.0
0,2020-02-10,"26.63, 86.73",100,0.7291837,0.2593999937176704,0.8740000128746033,1.0,2.0
0,2020-02-18,"26.63, 86.73",100,0.7765625,0.3340000078082085,0.8365000188350677,1.0,20.0
0,2020-02-26,"26.63, 86.73",100,0.39979792,0.15960000082850456,0.42899999022483826,0.6460000276565552,6.0
0,2020-03-06,"26.63, 86.73",100,0.47629595,0.050399998947978024,0.56700000166893,0.8992000043392181,2.0
0,2020-03-06,"26.63, 86.73",100,0.47629595,0.050399998947978024,0.56700000166893,0.8992000043392181,2.0
0,2020-03-14,"26.63, 86.73",100,0.29507002,0.030449999496340755,0.3409999907016754,0.5872000128030777,0.0
0,2020-03-22,"26.63, 86.73",100,0.46906665,0.05679999999701977,0.5959999859333038,0.7111999958753585,10.0
0,2020-03-30,"26.63, 86.73",100,0.34847993,0.14579999819397926,0.3409999907016754,0.5592000156641006,0.0
0,2020-04-07,"26.63, 86.73",100,0.47931004,0.3103999897837639,0.49400000274181366,0.6305999964475631,0.0
0,2020-04-15,"26.63, 86.73",100,0.70730186,0.22520000040531157,0.7200000286102295,0.9324000120162963,47.0
0,2020-04-23,"26.63, 86.73",100,0.5478422,0.20219999849796294,0.546999990940094,0.9649000227451323,81.0
0,2020-05-01,"26.63, 86.73",100,0.3868276,0.21220000088214874,0.38600000739097595,0.6016000151634215,71.0
0,2020-05-01,"26.63, 86.73",100,0.3868276,0.21220000088214874,0.38600000739097595,0.6016000151634215,71.0
0,2020-05-09,"26.63, 86.73",100,0.49008334,0.15504999905824662,0.5709999799728394,0.8591499894857405,16.0
0,2020-05-17,"26.63, 86.73",100,0.5464849,0.3932000041007996,0.47200000286102295,0.8442000031471253,67.0
0,2020-05-25,"26.63, 86.73",100,0.77791667,0.4942000016570091,0.777999997138977,1.0,28.0
0,2020-06-02,"26.63, 86.73",100,0.6725,0.367399999499321,0.6455000042915344,0.934050017595291,90.0
0,2020-06-10,"26.63, 86.73",100,0.76475,0.662800008058548,0.75,0.8873500049114227,96.0
0,2020-06-18,"26.63, 86.73",100,0.6703333,0.3784000054001808,0.6674999892711639,0.9697499960660934,88.0
0,2020-06-26,"26.63, 86.73",100,,,,,100.0
0,2020-06-26,"26.63, 86.73",100,,,,,100.0
0,2020-07-04,"26.63, 86.73",100,,,,,100.0
0,2020-07-12,"26.63, 86.73",100,,,,,100.0
0,2020-07-20,"26.63, 86.73",100,,,,,100.0
0,2020-07-28,"26.63, 86.73",100,1.0,1.0,1.0,1.0,98.0
0,2020-08-05,"26.63, 86.73",100,0.13512,0.04859999865293503,0.1379999965429306,0.208200004696846,75.0
0,2020-08-13,"26.63, 86.73",100,,,,,100.0
0,2020-08-21,"26.63, 86.73",100,,,,,100.0
0,2020-08-21,"26.63, 86.73",100,,,,,100.0
0,2020-08-29,"26.63, 86.73",100,,,,,100.0
0,2020-09-06,"26.63, 86.73",100,,,,,100.0
0,2020-09-14,"26.63, 86.73",100,0.34728,0.24400000274181366,0.3540000021457672,0.47460001111030575,75.0
0,2020-09-22,"26.63, 86.73",100,,,,,100.0
0,2020-09-30,"26.63, 86.73",100,0.844,0.4494000032544136,0.9979999959468842,1.0,86.0
0,2020-10-08,"26.63, 86.73",100,0.24301998,0.050999999046325684,0.2240000069141388,0.5281499981880188,0.0
0,2020-10-16,"26.63, 86.73",100,0.45502302,0.14839999824762345,0.515999972820282,0.6837999999523163,13.0
0,2020-10-16,"26.63, 86.73",100,0.45502302,0.14839999824762345,0.515999972820282,0.6837999999523163,13.0
0,2020-10-24,"26.63, 86.73",100,0.18665263,0.004000000189989805,0.19300000369548798,0.4129999876022339,5.0
0,2020-11-01,"26.63, 86.73",100,0.45013002,0.06560000162571669,0.5870000123977661,0.7684000074863434,0.0
0,2020-11-09,"26.63, 86.73",100,0.10363999,0.05079999901354313,0.09599999710917473,0.1889999955892563,0.0
0,2020-11-17,"26.63, 86.73",100,0.3551443,0.07420000284910203,0.3540000021457672,0.6561999917030333,3.0
0,2020-11-25,"26.63, 86.73",100,0.255,0.0827999971807003,0.25,0.4463499933481216,0.0
0,2020-12-03,"26.63, 86.73",100,0.5131072,0.11520000025629998,0.49000000953674316,1.0,16.0
0,2020-12-11,"26.63, 86.73",100,0.49652326,0.13899999856948853,0.466499999165535,1.0,14.0
0,2020-12-11,"26.63, 86.73",100,0.49652326,0.13899999856948853,0.466499999165535,1.0,14.0
0,2020-12-19,"26.63, 86.73",100,0.38370526,0.09099999815225601,0.38999998569488525,0.7360000014305115,5.0
0,2020-12-27,"26.63, 86.73",100,0.55342853,0.19939999729394914,0.539000004529953,0.9919499903917312,16.0
